{
    "rmse": 0.7863386582126894,
    "mae": 0.6167145292976964,
    "r2": 0.18736915140288113
}